patient_id,age,sex,district,insurance_status,chronic_condition,bmi,systolic_bp,diastolic_bp,glucose,spo2,temperature,visits_last_year,triage_priority,wait_time_min,readmission_30d
PT-0001,60,F,Rural,Publico,Hipertension,25.5,135,70,149.0,95.5,36.8,2,Baja,71,0
PT-0002,37,F,Centro,Publico,Ninguna,24.6,127,61,108.0,98.5,38.0,3,Media,77,0
PT-0003,68,M,Sur,Publico,Ninguna,31.4,120,84,132.0,96.0,38.1,4,Media,36,1
PT-0004,71,F,Norte,Publico,Diabetes+HTA,34.4,132,86,87.0,94.9,36.4,2,Baja,87,0
PT-0005,22,F,Norte,Sin seguro,Hipertension,,109,77,,98.0,37.0,4,Baja,73,0
PT-0006,33,M,Sur,Privado,COPD,33.6,103,86,85.0,98.1,36.4,3,Baja,61,0
PT-0007,57,M,Centro,Sin seguro,Cardiovascular,26.5,122,79,141.0,98.9,37.8,3,Baja,72,0
PT-0008,50,M,Centro,Publico,Diabetes,28.8,107,82,,97.9,38.7,1,Media,51,0
PT-0009,55,F,Centro,Publico,Cardiovascular,30.8,134,81,104.0,98.4,36.4,2,Baja,68,0
PT-0010,40,M,Centro,Publico,Diabetes+HTA,27.6,104,75,55.0,97.6,37.1,2,Baja,58,0
PT-0011,70,M,Sur,Sin seguro,Ninguna,27.7,145,74,92.0,96.6,36.9,1,Baja,49,0
PT-0012,68,F,Norte,Publico,COPD,31.1,110,104,145.0,96.2,36.5,3,Baja,56,0
PT-0013,56,M,Centro,Publico,Ninguna,26.7,118,73,170.0,95.5,37.2,2,Baja,32,0
PT-0014,74,F,Rural,Publico,Ninguna,23.4,122,73,160.0,93.3,37.0,1,Media,71,0
PT-0015,63,F,Sur,Privado,Diabetes,,154,84,138.0,88.9,36.9,1,Alta,4,0
PT-0016,40,F,Sur,Privado,Cardiovascular,30.2,130,79,168.0,95.4,36.8,2,Baja,58,0
PT-0017,61,F,Centro,Privado,Ninguna,27.0,126,63,190.0,96.5,37.0,7,Media,58,1
PT-0018,39,F,Periferia,Publico,Diabetes,28.7,133,89,136.0,99.2,36.9,2,Baja,85,0
PT-0019,70,M,Centro,Privado,COPD,,94,78,154.0,95.9,36.8,5,Baja,30,0
PT-0020,54,M,Centro,Publico,Ninguna,25.1,127,66,119.0,98.2,36.4,1,Baja,60,0
PT-0021,52,F,Periferia,Publico,Cardiovascular,30.8,163,91,135.0,98.4,37.7,3,Media,62,0
PT-0022,43,M,Rural,Publico,Diabetes+HTA,28.9,127,84,,95.5,36.2,1,Baja,73,0
PT-0023,76,M,Sur,Publico,Ninguna,20.8,134,66,90.0,97.3,37.0,2,Baja,86,0
PT-0024,52,F,Periferia,Publico,Ninguna,34.2,137,97,159.0,95.5,36.6,2,Baja,55,0
PT-0025,48,F,Norte,Sin seguro,Diabetes+HTA,24.5,142,85,159.0,98.9,37.8,3,Baja,25,0
PT-0026,49,F,Periferia,Publico,Ninguna,18.7,91,77,177.0,97.4,36.3,2,Baja,85,0
PT-0027,64,F,Rural,Publico,Ninguna,21.8,100,96,112.0,93.4,37.8,5,Media,46,1
PT-0028,61,M,Centro,Publico,Diabetes+HTA,21.9,133,80,90.0,96.4,36.3,3,Baja,30,0
PT-0029,62,F,Centro,Publico,Diabetes+HTA,27.3,117,78,108.0,94.6,38.4,4,Media,43,0
PT-0030,62,F,Norte,Publico,Hipertension,25.6,153,71,151.0,95.6,36.0,1,Baja,84,0
PT-0031,91,F,Periferia,Publico,Hipertension,25.3,131,88,170.0,97.0,36.5,1,Baja,47,0
PT-0032,48,F,Norte,Publico,Diabetes+HTA,,91,83,102.0,97.2,35.6,0,Baja,104,0
PT-0033,46,M,Centro,Publico,Hipertension,28.7,103,77,147.0,93.7,36.9,3,Media,31,1
PT-0034,41,F,Rural,Privado,Hipertension,28.6,85,68,206.0,92.1,36.5,0,Media,58,0
PT-0035,65,F,Rural,Publico,Cardiovascular,,126,80,,92.9,36.0,3,Media,34,1
PT-0036,74,F,Norte,Publico,Hipertension,30.1,129,79,55.0,94.6,37.4,5,Baja,63,0
PT-0037,53,F,Periferia,Publico,Hipertension,16.5,120,63,165.0,98.4,36.1,0,Baja,68,0
PT-0038,41,M,Sur,Publico,Diabetes,25.2,144,60,128.0,91.8,37.2,1,Media,19,0
PT-0039,41,F,Periferia,Publico,Hipertension,16.1,146,83,106.0,95.3,36.4,0,Baja,121,0
PT-0040,66,F,Norte,Sin seguro,Hipertension,27.2,128,50,97.0,97.0,37.7,5,Baja,53,0
PT-0041,68,F,Norte,Publico,Diabetes,27.0,93,82,,95.9,37.2,5,Baja,53,0
PT-0042,64,M,Sur,Privado,Diabetes,32.2,141,74,137.0,96.0,36.2,3,Baja,79,0
PT-0043,44,M,Norte,Publico,Cardiovascular,32.9,135,91,142.0,97.4,37.7,0,Baja,95,0
PT-0044,59,M,Sur,Privado,Diabetes,28.0,135,73,169.0,94.4,37.1,1,Media,66,1
PT-0045,57,M,Norte,Publico,Ninguna,24.5,146,85,160.0,96.1,36.7,0,Baja,40,0
PT-0046,59,M,Rural,Publico,Ninguna,29.4,108,74,112.0,95.3,36.7,6,Baja,76,0
PT-0047,70,F,Periferia,Publico,Ninguna,24.4,168,81,,92.5,37.5,4,Media,20,0
PT-0048,59,F,Periferia,Publico,Cardiovascular,27.0,112,87,139.0,94.0,36.4,5,Baja,86,0
PT-0049,67,F,Periferia,Sin seguro,Diabetes,31.9,144,74,82.0,99.5,36.9,4,Baja,41,0
PT-0050,56,F,Periferia,Privado,Ninguna,24.2,98,89,59.0,91.8,37.3,4,Media,40,0
PT-0051,60,M,Sur,Publico,Cardiovascular,,113,68,171.0,93.1,37.2,5,Media,46,0
PT-0052,66,F,Centro,Publico,Ninguna,,158,82,127.0,87.6,36.7,1,Alta,32,0
PT-0053,30,M,Periferia,Publico,Ninguna,22.2,117,86,122.0,95.8,36.6,2,Baja,65,0
PT-0054,50,M,Periferia,Publico,Cardiovascular,31.9,142,85,120.0,94.4,35.8,0,Baja,97,0
PT-0055,47,F,Periferia,Privado,Hipertension,30.5,130,98,98.0,95.6,36.2,5,Baja,83,0
PT-0056,44,M,Rural,Publico,COPD,,123,69,132.0,98.9,37.0,5,Baja,84,0
PT-0057,50,M,Centro,Privado,Cardiovascular,23.2,151,62,107.0,96.8,38.1,2,Media,24,0
PT-0058,80,M,Periferia,Publico,Diabetes+HTA,22.7,130,70,93.0,97.0,36.8,3,Baja,101,0
PT-0059,40,F,Periferia,Sin seguro,Ninguna,24.3,92,84,99.0,88.1,37.4,4,Alta,18,0
PT-0060,71,F,Rural,Publico,Cardiovascular,29.7,118,85,169.0,98.1,36.1,7,Baja,103,0
PT-0061,26,F,Periferia,Publico,COPD,22.2,131,76,,,36.7,4,Baja,106,0
PT-0062,49,F,Sur,Privado,Ninguna,29.2,134,65,123.0,97.9,36.9,4,Baja,71,0
PT-0063,58,F,Periferia,Publico,Diabetes+HTA,20.8,101,87,58.0,94.2,36.4,3,Baja,89,0
PT-0064,65,M,Norte,Publico,Diabetes,26.0,117,66,105.0,96.4,37.6,4,Baja,7,0
PT-0065,67,M,Periferia,Publico,Diabetes+HTA,27.5,121,92,95.0,96.8,37.3,5,Baja,66,0
PT-0066,68,F,Norte,Publico,Hipertension,39.2,125,111,55.0,95.7,37.0,4,Media,66,1
PT-0067,49,F,Centro,Sin seguro,Hipertension,,102,81,120.0,96.9,37.8,6,Baja,79,0
PT-0068,47,F,Norte,Privado,Ninguna,34.4,115,84,,95.4,36.0,8,Media,24,1
PT-0069,70,F,Sur,Publico,Diabetes+HTA,27.7,119,74,55.0,94.6,36.8,1,Baja,57,0
PT-0070,52,M,Centro,Sin seguro,Hipertension,29.1,141,58,133.0,99.5,37.0,2,Baja,16,0
PT-0071,33,F,Periferia,Publico,Ninguna,27.6,137,69,196.0,98.3,36.3,3,Media,61,0
PT-0072,36,F,Sur,Privado,Ninguna,29.2,121,64,153.0,94.3,37.0,2,Baja,28,0
PT-0073,39,M,Periferia,Publico,COPD,26.2,117,60,164.0,97.3,36.2,3,Baja,90,0
PT-0074,63,F,Centro,Publico,Ninguna,34.3,133,98,109.0,94.4,38.6,4,Media,67,0
PT-0075,57,F,Norte,Publico,Hipertension,24.7,114,81,148.0,93.4,38.8,4,Media,37,0
PT-0076,67,M,Rural,Publico,COPD,32.7,110,83,,98.3,36.9,0,Baja,81,0
PT-0077,48,M,Rural,Privado,Ninguna,23.8,109,74,187.0,92.3,35.8,3,Media,52,0
PT-0078,58,M,Sur,Publico,Hipertension,26.7,117,76,125.0,98.0,36.3,1,Baja,66,0
PT-0079,66,M,Periferia,Publico,Ninguna,21.6,110,90,114.0,95.4,37.1,9,Media,33,1
PT-0080,50,F,Periferia,Privado,Diabetes+HTA,29.3,130,77,166.0,95.5,36.8,1,Baja,81,0
PT-0081,63,M,Sur,Publico,Cardiovascular,34.2,143,85,55.0,96.9,35.3,3,Media,16,1
PT-0082,44,M,Periferia,Publico,Ninguna,26.6,97,75,,97.3,37.5,6,Baja,37,0
PT-0083,49,M,Rural,Privado,Hipertension,,127,74,176.0,94.2,36.9,6,Media,54,1
PT-0084,49,M,Rural,Privado,Hipertension,21.4,123,62,172.0,97.6,36.3,1,Baja,68,0
PT-0085,35,M,Centro,Publico,Diabetes+HTA,25.9,129,54,152.0,96.2,37.3,1,Baja,67,0
PT-0086,63,M,Norte,Sin seguro,Diabetes,19.0,130,76,158.0,,36.4,1,Alta,12,1
PT-0087,47,F,Centro,Privado,Hipertension,22.4,100,78,106.0,95.6,36.4,2,Baja,96,0
PT-0088,55,M,Rural,Publico,Diabetes+HTA,28.1,105,64,119.0,99.0,37.0,3,Baja,75,0
PT-0089,63,F,Rural,Publico,Ninguna,33.6,131,78,84.0,99.7,37.8,0,Baja,76,0
PT-0090,63,F,Centro,Privado,Hipertension,41.0,149,79,124.0,97.6,37.7,4,Media,50,1
PT-0091,66,M,Sur,Privado,Ninguna,24.1,91,55,,93.4,37.0,1,Media,64,0
PT-0092,53,M,Norte,Publico,Hipertension,34.2,134,68,149.0,97.1,37.1,10,Baja,72,0
PT-0093,48,M,Centro,Sin seguro,Diabetes,28.2,148,82,78.0,97.9,37.2,7,Baja,70,0
PT-0094,54,F,Periferia,Sin seguro,Diabetes+HTA,26.2,125,82,137.0,97.6,36.1,2,Media,67,1
PT-0095,26,M,Centro,Publico,Diabetes,29.2,131,62,105.0,97.7,37.2,1,Baja,29,0
PT-0096,30,M,Centro,Privado,Ninguna,27.3,109,77,118.0,96.8,36.4,1,Baja,30,0
PT-0097,33,F,Sur,Publico,Cardiovascular,27.6,120,87,122.0,95.8,37.0,4,Baja,61,0
PT-0098,38,F,Centro,Privado,Cardiovascular,25.0,95,85,138.0,94.7,36.7,2,Baja,58,0
PT-0099,62,F,Rural,Privado,COPD,20.0,88,78,110.0,91.8,37.1,2,Media,66,1
PT-0100,40,M,Periferia,Publico,COPD,19.3,141,71,195.0,91.7,36.9,4,Media,54,0
PT-0101,49,F,Sur,Publico,Ninguna,30.3,109,70,117.0,96.4,35.2,1,Baja,72,0
PT-0102,77,M,Sur,Publico,Hipertension,25.6,125,85,172.0,92.2,36.9,3,Media,24,0
PT-0103,49,F,Centro,Sin seguro,Ninguna,24.0,102,80,128.0,93.1,37.2,3,Media,46,0
PT-0104,68,M,Sur,Publico,Ninguna,27.0,106,86,173.0,97.4,37.0,2,Baja,38,0
PT-0105,39,F,Centro,Privado,Diabetes+HTA,31.0,121,78,122.0,100.0,36.7,1,Baja,69,0
PT-0106,52,M,Norte,Publico,COPD,27.9,114,87,129.0,96.2,37.7,6,Baja,28,0
PT-0107,39,F,Periferia,Publico,Ninguna,23.7,131,77,60.0,90.9,37.0,6,Media,60,0
PT-0108,49,F,Centro,Sin seguro,Ninguna,33.1,135,86,83.0,96.7,37.0,1,Baja,36,0
PT-0109,69,M,Sur,Publico,Diabetes+HTA,34.9,137,89,145.0,95.5,38.8,1,Media,39,1
PT-0110,26,M,Norte,Publico,Ninguna,29.5,125,66,117.0,93.7,37.0,3,Media,62,0
PT-0111,62,M,Periferia,Publico,Ninguna,31.9,158,59,55.0,96.4,36.3,2,Baja,74,0
PT-0112,59,F,Norte,Publico,Ninguna,33.2,110,95,184.0,94.2,35.5,3,Media,16,0
PT-0113,45,F,Centro,Publico,Ninguna,32.7,125,80,,94.8,36.5,2,Baja,50,0
PT-0114,30,F,Periferia,Publico,Ninguna,30.1,142,57,150.0,90.9,37.2,4,Media,27,0
PT-0115,56,F,Sur,Publico,Diabetes+HTA,30.0,151,70,150.0,99.0,36.6,2,Baja,31,0
PT-0116,46,M,Periferia,Publico,Diabetes,29.6,100,86,114.0,100.0,37.2,3,Baja,72,0
PT-0117,59,M,Centro,Publico,Hipertension,21.5,123,75,,97.0,36.9,3,Baja,72,0
PT-0118,55,M,Rural,Publico,COPD,30.5,152,72,126.0,95.2,37.5,4,Baja,80,0
PT-0119,82,M,Periferia,Publico,Hipertension,20.2,144,96,78.0,100.0,36.6,1,Baja,81,0
PT-0120,51,M,Sur,Sin seguro,COPD,23.0,131,66,102.0,95.1,37.1,6,Baja,62,0
PT-0121,38,M,Rural,Publico,Hipertension,33.5,120,68,133.0,94.7,38.5,2,Media,51,0
PT-0122,58,F,Centro,Publico,Hipertension,31.2,122,81,113.0,92.1,37.6,3,Media,27,0
PT-0123,59,F,Rural,Publico,Hipertension,34.4,134,83,58.0,99.1,35.9,5,Baja,64,0
PT-0124,78,M,Periferia,Sin seguro,Cardiovascular,25.6,129,86,133.0,98.1,36.5,8,Media,30,1
PT-0125,69,M,Rural,Privado,COPD,21.2,131,89,90.0,100.0,37.3,1,Baja,57,0
PT-0126,61,F,Periferia,Privado,Cardiovascular,25.8,131,81,96.0,92.9,39.1,0,Alta,34,0
PT-0127,80,F,Sur,Sin seguro,Ninguna,27.5,122,86,55.0,94.2,36.9,6,Media,44,1
PT-0128,35,M,Sur,Publico,Hipertension,27.4,133,73,88.0,96.2,36.6,0,Baja,117,0
PT-0129,44,F,Centro,Sin seguro,COPD,32.7,178,78,153.0,97.8,37.2,1,Media,22,0
PT-0130,39,F,Rural,Publico,Ninguna,25.2,92,78,136.0,92.4,37.3,0,Media,54,0
PT-0131,48,M,Periferia,Privado,Cardiovascular,28.8,132,80,85.0,99.2,36.6,2,Baja,44,0
PT-0132,32,M,Rural,Privado,Ninguna,22.1,109,84,158.0,97.7,37.0,3,Baja,65,0
PT-0133,66,F,Centro,Sin seguro,Ninguna,29.3,141,85,87.0,95.9,37.4,3,Baja,56,0
PT-0134,51,M,Sur,Publico,Cardiovascular,27.0,128,78,88.0,97.4,37.8,1,Baja,77,0
PT-0135,30,F,Rural,Privado,Ninguna,23.3,135,67,154.0,94.3,37.2,1,Baja,64,0
PT-0136,38,M,Periferia,Publico,Diabetes,25.8,145,77,114.0,94.7,36.8,1,Baja,67,0
PT-0137,60,F,Norte,Publico,Diabetes,26.1,133,78,91.0,95.0,36.8,0,Baja,54,0
PT-0138,69,M,Norte,Publico,Diabetes+HTA,25.6,152,82,103.0,91.9,37.1,9,Media,21,1
PT-0139,89,F,Centro,Publico,Diabetes,35.9,94,106,149.0,97.9,36.7,4,Baja,50,0
PT-0140,92,F,Norte,Publico,COPD,26.5,166,76,152.0,98.6,36.9,4,Media,39,1
PT-0141,62,M,Periferia,Publico,Cardiovascular,25.8,137,83,128.0,94.5,36.2,0,Baja,71,0
PT-0142,38,F,Centro,Publico,Hipertension,16.5,143,88,152.0,96.8,37.5,2,Baja,72,0
PT-0143,19,F,Sur,Publico,Diabetes+HTA,22.5,97,75,156.0,95.4,36.2,2,Baja,58,0
PT-0144,60,F,Centro,Publico,Cardiovascular,25.7,114,104,123.0,96.7,36.6,0,Baja,57,0
PT-0145,41,M,Sur,Publico,Diabetes,23.6,127,72,106.0,94.6,36.9,5,Baja,31,0
PT-0146,48,M,Periferia,Privado,Diabetes+HTA,33.9,126,81,153.0,94.1,37.9,1,Media,64,1
PT-0147,45,M,Sur,Publico,Hipertension,26.2,131,68,142.0,98.3,36.6,4,Baja,49,0
PT-0148,53,F,Norte,Privado,Ninguna,33.4,147,74,144.0,90.9,36.4,9,Media,59,1
PT-0149,73,F,Centro,Privado,Ninguna,27.3,101,83,98.0,100.0,36.5,1,Baja,86,0
PT-0150,58,F,Periferia,Publico,Hipertension,27.2,146,88,,96.1,37.7,2,Baja,67,0
PT-0151,52,M,Periferia,Publico,Ninguna,26.6,127,81,128.0,94.0,35.3,0,Baja,52,0
PT-0152,37,M,Centro,Publico,Hipertension,27.0,120,90,90.0,98.7,36.2,2,Baja,62,0
PT-0153,27,M,Sur,Publico,Diabetes,35.6,95,74,126.0,97.4,38.3,4,Media,52,0
PT-0154,47,M,Norte,Publico,Hipertension,16.0,135,74,150.0,,37.1,2,Baja,56,0
PT-0155,54,F,Sur,Publico,Ninguna,17.0,85,108,79.0,98.6,36.2,1,Baja,52,0
PT-0156,85,M,Norte,Publico,Cardiovascular,24.3,147,85,79.0,94.6,36.8,0,Baja,72,0
PT-0157,57,F,Periferia,Publico,Diabetes,27.1,102,70,151.0,95.7,36.8,6,Baja,79,0
PT-0158,72,F,Periferia,Publico,Ninguna,30.5,133,72,,95.6,37.3,2,Baja,64,0
PT-0159,47,F,Norte,Privado,Diabetes,29.4,124,67,157.0,93.2,37.8,1,Media,16,0
PT-0160,35,F,Sur,Publico,Diabetes,25.1,144,86,93.0,90.4,37.0,3,Media,54,0
PT-0161,39,F,Norte,Publico,Hipertension,32.1,121,72,117.0,98.9,36.5,6,Baja,48,0
PT-0162,43,F,Centro,Publico,Hipertension,32.2,113,78,180.0,96.5,37.2,1,Baja,66,0
PT-0163,91,F,Norte,Publico,Ninguna,27.9,128,81,121.0,93.0,36.4,5,Media,49,1
PT-0164,41,M,Centro,Publico,Cardiovascular,31.8,147,85,55.0,92.6,36.2,5,Media,12,0
PT-0165,69,F,Periferia,Publico,Diabetes,28.4,141,70,147.0,99.7,35.8,1,Baja,71,0
PT-0166,40,F,Norte,Publico,Ninguna,24.2,117,65,83.0,95.8,35.9,4,Baja,71,0
PT-0167,71,M,Periferia,Publico,COPD,30.5,128,82,152.0,94.6,36.3,1,Baja,81,0
PT-0168,62,M,Norte,Publico,Hipertension,27.6,102,85,90.0,95.4,36.2,0,Baja,64,0
PT-0169,52,F,Sur,Publico,Hipertension,,134,81,116.0,92.7,37.0,2,Media,10,0
PT-0170,54,F,Sur,Publico,Diabetes,34.4,96,69,79.0,99.1,36.1,0,Baja,85,0
PT-0171,44,M,Periferia,Sin seguro,Diabetes,16.0,139,84,103.0,95.1,35.2,1,Baja,77,0
PT-0172,63,F,Norte,Publico,Hipertension,19.9,132,71,121.0,99.0,36.2,0,Baja,40,0
PT-0173,47,F,Norte,Publico,Ninguna,21.1,169,71,78.0,96.1,36.5,1,Media,32,0
PT-0174,34,M,Rural,Publico,Ninguna,25.2,103,66,87.0,99.1,36.5,5,Baja,76,0
PT-0175,33,F,Rural,Privado,Diabetes+HTA,25.7,121,90,98.0,96.6,37.6,1,Baja,84,0
PT-0176,58,M,Rural,Privado,Hipertension,19.5,161,85,65.0,97.9,36.5,2,Media,47,0
PT-0177,82,M,Norte,Privado,Diabetes,22.1,156,87,95.0,97.6,37.3,1,Baja,77,0
PT-0178,58,M,Centro,Publico,Ninguna,22.7,116,92,157.0,97.4,36.8,1,Baja,30,0
PT-0179,53,F,Periferia,Publico,COPD,39.3,132,109,96.0,96.8,36.8,4,Baja,51,0
PT-0180,60,F,Sur,Privado,Ninguna,36.0,129,60,100.0,95.5,36.3,5,Baja,25,0
PT-0181,77,F,Sur,Publico,Ninguna,24.9,139,72,107.0,100.0,36.8,1,Baja,46,0
PT-0182,59,F,Centro,Sin seguro,Ninguna,25.2,116,72,133.0,94.0,36.4,1,Baja,89,0
PT-0183,48,M,Centro,Publico,COPD,21.3,125,68,129.0,96.0,36.9,0,Baja,99,0
PT-0184,74,F,Periferia,Publico,Hipertension,17.5,104,68,196.0,96.0,38.1,6,Media,58,0
PT-0185,62,M,Rural,Publico,Ninguna,26.4,132,75,94.0,96.9,36.3,7,Media,45,1
PT-0186,81,M,Norte,Publico,Ninguna,22.0,143,67,123.0,95.1,37.3,4,Media,42,1
PT-0187,58,M,Periferia,Privado,Hipertension,26.6,125,82,,96.7,37.0,3,Baja,79,0
PT-0188,34,F,Sur,Publico,Hipertension,19.0,94,76,119.0,90.6,36.6,2,Media,18,1
PT-0189,32,F,Centro,Publico,COPD,23.2,140,81,200.0,92.5,36.9,3,Media,36,1
PT-0190,83,M,Centro,Publico,Ninguna,27.7,142,86,168.0,91.0,36.8,9,Media,72,1
PT-0191,84,M,Rural,Privado,COPD,28.8,122,88,55.0,88.6,36.3,5,Alta,15,0
PT-0192,52,M,Centro,Publico,Diabetes+HTA,29.1,122,74,167.0,92.2,36.8,1,Media,33,1
PT-0193,48,M,Sur,Sin seguro,Hipertension,20.4,99,101,145.0,96.3,36.5,6,Baja,62,0
PT-0194,80,M,Rural,Privado,Ninguna,31.3,116,83,101.0,97.1,37.7,2,Baja,77,0
PT-0195,36,F,Norte,Publico,Hipertension,23.0,114,56,,97.2,35.9,8,Baja,51,0
PT-0196,40,M,Periferia,Privado,Diabetes,30.2,146,65,87.0,97.2,38.0,1,Media,55,0
PT-0197,66,F,Centro,Sin seguro,Ninguna,26.9,119,60,108.0,91.7,37.1,2,Media,57,0
PT-0198,48,M,Centro,Publico,Ninguna,20.1,138,77,112.0,93.0,36.4,0,Media,81,0
PT-0199,55,M,Rural,Publico,Diabetes+HTA,25.4,118,77,55.0,100.0,38.2,6,Media,54,0
PT-0200,52,F,Sur,Publico,Diabetes,28.8,132,73,101.0,88.7,37.3,3,Alta,23,0
PT-0201,61,F,Sur,Publico,Cardiovascular,30.1,127,101,147.0,97.3,37.5,1,Baja,89,0
PT-0202,79,F,Rural,Publico,Hipertension,26.3,150,86,55.0,94.5,37.2,2,Baja,62,0
PT-0203,57,M,Periferia,Privado,Hipertension,34.7,119,86,70.0,,37.8,1,Baja,46,0
PT-0204,66,F,Periferia,Publico,Ninguna,32.0,102,69,77.0,94.6,36.4,6,Baja,75,0
PT-0205,20,F,Periferia,Publico,Hipertension,25.7,94,64,106.0,97.2,35.4,1,Baja,89,0
PT-0206,54,F,Centro,Publico,Ninguna,30.8,118,78,97.0,96.3,36.6,2,Baja,68,0
PT-0207,41,F,Centro,Privado,Diabetes,36.7,102,79,150.0,,37.1,4,Media,44,1
PT-0208,34,F,Sur,Publico,Ninguna,36.8,130,55,137.0,93.7,36.9,1,Media,20,0
PT-0209,40,F,Norte,Publico,Diabetes,20.9,116,75,168.0,96.6,37.0,4,Baja,61,0
PT-0210,49,F,Rural,Publico,Hipertension,22.4,169,78,157.0,93.3,38.9,1,Media,78,0
PT-0211,71,F,Centro,Publico,Ninguna,34.4,101,77,120.0,96.9,37.0,2,Baja,40,0
PT-0212,32,F,Centro,Publico,Ninguna,21.7,126,67,127.0,100.0,37.2,5,Baja,58,0
PT-0213,56,F,Centro,Sin seguro,Diabetes+HTA,20.4,108,72,134.0,99.0,36.3,4,Baja,55,0
PT-0214,47,F,Centro,Publico,Ninguna,24.6,117,75,75.0,92.6,36.2,0,Media,33,0
PT-0215,49,M,Centro,Publico,Ninguna,29.1,129,78,133.0,,37.7,2,Baja,66,0
PT-0216,72,F,Sur,Publico,Ninguna,26.5,90,86,144.0,86.7,36.9,6,Alta,32,0
PT-0217,64,F,Sur,Privado,Diabetes,23.7,135,91,159.0,93.1,36.5,9,Media,54,1
PT-0218,78,F,Centro,Publico,COPD,23.6,168,77,103.0,93.8,36.5,1,Media,28,0
PT-0219,52,F,Centro,Publico,Ninguna,23.4,119,73,120.0,94.3,36.4,0,Baja,32,0
PT-0220,43,F,Periferia,Publico,Diabetes,22.6,130,82,55.0,94.5,37.8,5,Baja,75,0
PT-0221,51,F,Norte,Publico,Hipertension,38.4,145,84,117.0,95.6,36.1,1,Baja,53,0
PT-0222,59,M,Sur,Publico,Ninguna,28.5,126,74,105.0,93.7,36.0,0,Media,79,0
PT-0223,58,F,Sur,Publico,Diabetes+HTA,31.4,118,87,106.0,93.3,36.7,2,Media,80,0
PT-0224,37,F,Sur,Publico,Diabetes+HTA,24.6,85,87,129.0,95.9,36.5,1,Baja,98,0
PT-0225,57,F,Periferia,Sin seguro,Ninguna,26.1,140,92,106.0,94.0,37.4,2,Baja,53,0
PT-0226,59,F,Sur,Publico,Diabetes,23.4,127,98,74.0,,37.0,0,Baja,72,0
PT-0227,92,F,Periferia,Sin seguro,Ninguna,16.0,119,72,,94.3,36.9,4,Baja,86,0
PT-0228,87,M,Periferia,Publico,Ninguna,20.1,138,81,110.0,97.1,36.4,7,Baja,84,0
PT-0229,40,M,Centro,Publico,Diabetes,17.9,114,77,111.0,95.5,36.7,5,Baja,56,0
PT-0230,50,F,Centro,Publico,Hipertension,16.0,117,76,113.0,95.6,37.0,2,Baja,85,0
PT-0231,30,F,Centro,Publico,Diabetes,21.0,133,68,139.0,97.3,37.2,1,Baja,62,0
PT-0232,45,F,Centro,Publico,Ninguna,33.6,101,61,75.0,90.7,36.7,4,Media,48,0
PT-0233,60,F,Sur,Privado,Ninguna,26.8,148,80,113.0,95.4,37.4,3,Baja,34,0
PT-0234,75,M,Centro,Publico,Diabetes+HTA,,108,72,147.0,97.0,36.8,3,Media,58,1
PT-0235,43,F,Centro,Publico,Diabetes+HTA,29.1,113,78,56.0,97.5,37.2,2,Baja,57,0
PT-0236,44,F,Centro,Publico,Ninguna,30.9,160,68,113.0,95.7,36.5,1,Baja,70,0
PT-0237,18,M,Rural,Publico,Hipertension,22.5,139,62,135.0,96.2,35.8,7,Baja,76,0
PT-0238,52,F,Rural,Publico,Diabetes,29.6,129,80,97.0,89.3,36.9,3,Alta,37,0
PT-0239,37,F,Periferia,Publico,COPD,30.6,107,78,81.0,94.1,37.2,5,Baja,69,0
PT-0240,46,M,Centro,Publico,Hipertension,24.1,116,83,103.0,97.7,37.1,3,Baja,76,0
PT-0241,40,F,Centro,Publico,Diabetes+HTA,29.8,126,101,163.0,,38.4,1,Media,42,0
PT-0242,53,F,Periferia,Publico,Ninguna,29.8,128,81,115.0,97.0,36.6,4,Baja,44,0
PT-0243,25,F,Rural,Publico,Diabetes,24.3,119,80,73.0,96.6,36.4,6,Baja,82,0
PT-0244,30,M,Sur,Publico,Diabetes+HTA,21.4,121,64,69.0,96.1,37.1,2,Baja,47,0
PT-0245,91,F,Sur,Publico,Ninguna,21.1,133,67,205.0,97.5,37.0,3,Media,22,0
PT-0246,33,F,Norte,Sin seguro,Ninguna,27.4,97,93,94.0,93.1,36.5,2,Media,28,0
PT-0247,36,F,Periferia,Sin seguro,COPD,28.6,114,66,107.0,98.0,37.4,1,Baja,75,0
PT-0248,86,F,Sur,Publico,COPD,23.0,152,70,96.0,95.8,36.3,6,Baja,60,0
PT-0249,92,M,Sur,Publico,Hipertension,27.1,113,81,80.0,99.1,36.5,3,Baja,24,0
PT-0250,35,F,Sur,Privado,COPD,29.9,120,75,101.0,96.5,37.7,3,Baja,55,0
PT-0251,49,M,Centro,Publico,COPD,30.1,112,67,182.0,97.4,37.3,4,Media,67,0
PT-0252,61,M,Centro,Publico,Ninguna,34.8,132,75,,96.6,36.6,8,Media,38,1
PT-0253,84,M,Rural,Publico,Hipertension,33.4,128,94,127.0,96.5,37.0,2,Media,53,1
PT-0254,38,F,Sur,Publico,COPD,22.0,150,67,127.0,94.4,36.9,2,Baja,81,0
PT-0255,51,M,Norte,Sin seguro,Cardiovascular,35.4,136,62,83.0,97.5,35.3,2,Baja,76,0
PT-0256,68,M,Centro,Privado,Ninguna,24.3,108,90,55.0,,36.3,3,Baja,80,0
PT-0257,62,F,Periferia,Sin seguro,Ninguna,32.2,142,84,139.0,95.2,36.8,2,Media,4,1
PT-0258,49,M,Centro,Privado,Cardiovascular,27.3,113,71,143.0,96.2,36.6,1,Baja,93,0
PT-0259,53,M,Centro,Publico,Ninguna,24.9,117,60,139.0,90.0,36.9,1,Media,57,0
PT-0260,32,F,Sur,Privado,Ninguna,18.0,128,68,94.0,94.9,37.4,3,Baja,106,0
PT-0261,51,M,Periferia,Publico,Cardiovascular,26.1,118,77,103.0,94.4,36.6,7,Media,40,1
PT-0262,50,F,Rural,Publico,Hipertension,19.2,143,90,130.0,94.5,36.2,6,Baja,40,0
PT-0263,59,M,Periferia,Publico,Ninguna,31.8,115,67,120.0,95.0,37.0,6,Media,54,1
PT-0264,46,M,Norte,Publico,Ninguna,34.6,115,76,96.0,92.5,36.6,3,Media,41,0
PT-0265,63,F,Periferia,Publico,Ninguna,23.0,118,86,104.0,94.3,36.7,2,Baja,82,0
PT-0266,72,M,Periferia,Publico,Cardiovascular,28.5,122,54,111.0,92.2,36.6,0,Media,73,0
PT-0267,58,F,Sur,Publico,Diabetes,23.4,149,90,185.0,97.4,38.0,1,Media,44,0
PT-0268,61,M,Sur,Publico,Ninguna,23.9,141,66,72.0,100.0,35.6,1,Baja,58,0
PT-0269,56,M,Centro,Publico,Diabetes,30.9,159,82,172.0,95.2,38.0,2,Media,55,0
PT-0270,55,F,Sur,Publico,Ninguna,26.8,169,81,118.0,92.3,36.8,3,Media,41,1
PT-0271,43,F,Centro,Publico,Ninguna,35.7,106,89,131.0,98.0,36.4,3,Baja,56,0
PT-0272,60,F,Norte,Publico,Ninguna,24.6,131,85,179.0,94.4,37.3,4,Media,65,1
PT-0273,53,F,Periferia,Sin seguro,Hipertension,32.0,106,52,87.0,98.9,37.2,4,Baja,93,0
PT-0274,91,F,Centro,Publico,Ninguna,27.5,123,73,59.0,95.4,36.8,2,Baja,82,0
PT-0275,82,F,Sur,Publico,Diabetes,31.0,123,82,92.0,89.6,36.7,4,Alta,21,1
PT-0276,62,F,Centro,Publico,Diabetes,24.8,111,77,135.0,95.6,36.7,7,Baja,23,0
PT-0277,42,F,Centro,Privado,Diabetes,26.8,106,82,92.0,97.7,36.7,3,Baja,59,0
PT-0278,36,M,Centro,Publico,Ninguna,26.4,121,85,,95.5,36.8,6,Baja,48,0
PT-0279,75,M,Centro,Publico,Ninguna,22.8,111,87,98.0,94.9,38.1,4,Media,44,0
PT-0280,59,M,Sur,Publico,Ninguna,30.3,144,76,161.0,95.6,36.9,2,Baja,50,0
PT-0281,63,F,Periferia,Privado,Diabetes,30.3,113,58,133.0,93.2,37.2,3,Media,54,0
PT-0282,25,M,Centro,Sin seguro,COPD,30.0,171,70,,96.9,36.1,4,Media,27,0
PT-0283,71,M,Periferia,Publico,Ninguna,34.7,124,84,182.0,92.1,36.2,0,Media,31,0
PT-0284,63,F,Rural,Publico,Cardiovascular,34.2,131,67,125.0,90.0,35.8,4,Media,78,0
PT-0285,36,F,Sur,Publico,COPD,25.1,100,83,101.0,97.7,38.7,6,Media,29,0
PT-0286,47,M,Centro,Publico,Ninguna,28.9,157,87,103.0,91.7,36.9,6,Media,46,1
PT-0287,59,F,Norte,Privado,Ninguna,23.9,149,80,95.0,97.3,37.1,3,Baja,79,0
PT-0288,56,F,Periferia,Sin seguro,Ninguna,27.1,134,45,232.0,95.9,36.0,2,Media,70,1
PT-0289,50,M,Sur,Sin seguro,Ninguna,24.0,103,63,125.0,98.6,37.8,1,Baja,76,0
PT-0290,53,F,Centro,Privado,Hipertension,35.1,131,99,139.0,98.0,36.5,3,Baja,67,0
PT-0291,51,F,Periferia,Publico,Ninguna,28.8,107,72,,97.0,36.9,2,Media,67,1
PT-0292,58,M,Centro,Sin seguro,Cardiovascular,25.9,155,56,78.0,98.0,37.3,3,Baja,87,0
PT-0293,80,M,Rural,Publico,Diabetes,33.0,149,94,153.0,92.7,36.3,8,Media,64,0
PT-0294,18,F,Centro,Publico,COPD,16.1,120,74,88.0,95.0,36.5,1,Baja,29,0
PT-0295,51,M,Periferia,Privado,COPD,16.9,85,90,123.0,93.0,36.9,2,Media,44,0
PT-0296,58,M,Centro,Publico,Hipertension,31.0,111,81,140.0,96.9,38.4,1,Media,59,0
PT-0297,60,F,Norte,Privado,Diabetes+HTA,27.3,142,84,120.0,97.2,37.0,3,Baja,51,0
PT-0298,49,M,Rural,Sin seguro,Diabetes+HTA,28.3,148,81,111.0,98.4,37.7,1,Baja,101,0
PT-0299,25,F,Norte,Privado,Diabetes,20.4,140,83,108.0,93.9,37.5,1,Media,45,0
PT-0300,61,F,Periferia,Privado,Ninguna,26.9,101,104,106.0,94.0,37.0,3,Baja,72,0
PT-0301,84,M,Rural,Publico,Diabetes,37.0,141,92,91.0,97.0,36.3,7,Baja,92,0
PT-0302,29,F,Centro,Publico,Ninguna,31.1,140,58,,95.8,37.4,0,Baja,59,0
PT-0303,70,M,Centro,Privado,Hipertension,27.8,102,84,152.0,91.9,37.4,5,Media,49,1
PT-0304,49,M,Periferia,Publico,Diabetes,24.8,126,90,105.0,96.8,37.7,2,Baja,86,0
PT-0305,54,F,Sur,Sin seguro,Diabetes,25.0,133,91,84.0,91.9,36.9,1,Media,19,0
PT-0306,37,M,Periferia,Publico,COPD,16.4,118,72,93.0,93.9,36.7,2,Media,49,0
PT-0307,49,F,Norte,Publico,Ninguna,28.3,93,90,141.0,99.0,36.6,1,Baja,77,0
PT-0308,77,M,Periferia,Publico,Hipertension,31.2,128,90,128.0,95.0,37.2,1,Media,55,1
PT-0309,65,F,Sur,Privado,Ninguna,19.1,125,107,125.0,93.3,36.7,4,Media,72,0
PT-0310,84,M,Rural,Privado,Cardiovascular,23.7,133,73,100.0,95.3,37.2,5,Baja,44,0
PT-0311,75,F,Centro,Sin seguro,Hipertension,21.2,123,74,125.0,96.1,36.3,3,Baja,32,0
PT-0312,62,F,Norte,Publico,Ninguna,22.2,122,75,134.0,99.9,36.1,10,Baja,76,0
PT-0313,85,M,Periferia,Publico,Hipertension,27.3,135,76,100.0,94.9,36.8,6,Media,70,1
PT-0314,62,M,Periferia,Publico,Ninguna,16.6,138,69,182.0,95.0,36.8,3,Media,51,0
PT-0315,69,M,Centro,Publico,COPD,30.1,126,49,134.0,94.4,36.6,4,Baja,69,0
PT-0316,50,M,Periferia,Publico,Hipertension,30.8,119,73,79.0,95.2,37.5,4,Baja,83,0
PT-0317,56,M,Norte,Publico,Diabetes,25.7,130,82,82.0,97.6,36.3,0,Baja,47,0
PT-0318,43,F,Norte,Publico,COPD,16.0,90,71,111.0,92.8,37.0,1,Media,33,0
PT-0319,72,F,Norte,Publico,Cardiovascular,22.0,141,101,205.0,95.6,36.8,1,Media,49,0
PT-0320,35,F,Centro,Publico,COPD,33.2,123,76,55.0,92.3,35.9,2,Media,62,0
PT-0321,68,M,Norte,Privado,Hipertension,16.0,132,94,161.0,93.7,36.1,2,Media,25,1
PT-0322,52,F,Centro,Publico,COPD,25.3,145,81,67.0,97.8,36.8,0,Baja,58,0
PT-0323,75,F,Norte,Publico,Diabetes,21.1,98,89,134.0,95.9,37.9,2,Media,42,0
PT-0324,68,F,Rural,Privado,Cardiovascular,31.0,96,82,142.0,95.3,37.1,1,Baja,80,0
PT-0325,86,M,Periferia,Privado,Cardiovascular,23.6,141,96,95.0,94.4,35.9,1,Media,54,1
PT-0326,67,F,Rural,Privado,Ninguna,29.0,131,80,92.0,95.5,35.2,2,Baja,62,0
PT-0327,28,M,Centro,Publico,Ninguna,29.8,124,81,108.0,96.7,37.2,2,Baja,84,0
PT-0328,54,F,Rural,Publico,Ninguna,,119,82,92.0,,36.7,3,Baja,62,0
PT-0329,35,M,Centro,Sin seguro,Ninguna,26.0,135,73,109.0,90.2,37.4,7,Media,41,0
PT-0330,46,F,Rural,Publico,Diabetes,28.9,143,82,,94.2,36.3,2,Media,27,1
PT-0331,81,F,Sur,Publico,Ninguna,19.6,143,105,131.0,96.4,38.4,3,Media,33,0
PT-0332,66,M,Centro,Sin seguro,Hipertension,33.0,126,76,133.0,95.8,37.3,1,Baja,71,0
PT-0333,43,M,Norte,Publico,Ninguna,23.2,87,81,62.0,96.9,36.6,2,Baja,68,0
PT-0334,38,F,Periferia,Privado,Ninguna,24.2,138,90,162.0,96.6,36.6,2,Baja,81,0
PT-0335,56,F,Periferia,Privado,Hipertension,,150,91,128.0,95.3,36.8,1,Baja,80,0
PT-0336,34,M,Rural,Publico,Diabetes,,134,76,77.0,89.8,37.1,0,Alta,72,0
PT-0337,44,M,Periferia,Privado,Diabetes,28.1,109,51,153.0,95.5,36.8,0,Baja,57,0
PT-0338,60,F,Periferia,Publico,Cardiovascular,31.8,141,84,105.0,98.5,38.7,8,Media,25,1
PT-0339,75,F,Norte,Privado,Diabetes+HTA,28.5,148,56,163.0,94.4,36.5,4,Baja,43,0
PT-0340,65,M,Rural,Sin seguro,Hipertension,19.1,159,95,166.0,95.9,37.5,3,Baja,59,0
PT-0341,18,M,Centro,Privado,Ninguna,26.4,103,76,58.0,96.4,37.9,4,Media,28,0
PT-0342,60,M,Sur,Publico,Ninguna,30.7,125,89,183.0,99.4,37.9,2,Media,48,0
PT-0343,56,M,Norte,Privado,Diabetes+HTA,17.6,142,68,126.0,95.3,36.5,2,Baja,85,0
PT-0344,62,F,Periferia,Sin seguro,Hipertension,21.6,131,62,137.0,98.1,36.8,1,Baja,98,0
PT-0345,82,M,Rural,Publico,COPD,,115,84,182.0,98.7,36.8,2,Media,65,0
PT-0346,20,M,Centro,Publico,Hipertension,28.4,127,74,123.0,95.9,36.6,5,Baja,101,0
PT-0347,45,M,Centro,Publico,Ninguna,29.1,136,72,168.0,95.5,36.8,4,Media,40,1
PT-0348,65,F,Centro,Privado,Diabetes,36.3,132,80,,95.3,36.8,1,Baja,33,0
PT-0349,28,F,Rural,Publico,Cardiovascular,29.3,125,106,125.0,95.4,36.9,3,Baja,91,0
PT-0350,80,M,Periferia,Publico,Cardiovascular,30.3,130,90,115.0,97.9,35.5,1,Baja,37,0
PT-0351,61,F,Centro,Sin seguro,Ninguna,40.6,156,90,144.0,96.5,37.8,2,Baja,48,0
PT-0352,69,M,Sur,Sin seguro,Hipertension,25.9,115,89,110.0,96.5,38.1,2,Media,55,0
PT-0353,45,F,Sur,Sin seguro,Ninguna,23.0,115,93,103.0,93.5,37.1,2,Media,44,0
PT-0354,69,M,Centro,Publico,Diabetes+HTA,29.1,132,77,141.0,93.9,36.0,2,Media,43,0
PT-0355,73,M,Sur,Publico,Ninguna,29.2,148,57,125.0,100.0,36.5,2,Baja,41,0
PT-0356,59,F,Norte,Publico,COPD,24.4,102,76,130.0,95.6,36.4,6,Baja,62,0
PT-0357,59,F,Norte,Publico,Ninguna,21.8,105,87,88.0,94.3,37.6,5,Baja,80,0
PT-0358,60,M,Centro,Privado,Hipertension,38.5,93,68,77.0,99.1,37.9,1,Media,46,0
PT-0359,40,M,Periferia,Publico,Hipertension,28.6,125,75,136.0,96.6,37.2,6,Baja,55,0
PT-0360,52,F,Centro,Publico,Ninguna,23.3,107,70,89.0,97.3,36.4,3,Baja,40,0
PT-0361,52,M,Centro,Publico,Cardiovascular,31.6,120,94,177.0,90.7,36.6,3,Media,31,0
PT-0362,62,M,Rural,Publico,Diabetes+HTA,26.5,142,87,182.0,95.3,36.7,6,Media,63,1
PT-0363,72,F,Periferia,Privado,Cardiovascular,25.7,121,87,,95.6,37.5,3,Media,60,1
PT-0364,37,F,Sur,Privado,Ninguna,29.8,128,83,151.0,93.0,35.8,1,Media,32,1
PT-0365,53,F,Norte,Publico,COPD,20.5,122,77,149.0,95.8,36.1,6,Media,6,1
PT-0366,80,F,Rural,Publico,Hipertension,28.8,146,83,115.0,96.7,35.7,0,Baja,80,0
PT-0367,42,F,Centro,Publico,Hipertension,36.6,133,64,83.0,100.0,36.2,0,Baja,46,0
PT-0368,41,F,Rural,Publico,Diabetes,29.3,112,53,155.0,,37.8,3,Media,68,1
PT-0369,58,M,Centro,Sin seguro,Hipertension,25.1,126,80,151.0,90.9,35.9,0,Media,32,0
PT-0370,69,F,Norte,Publico,Ninguna,24.5,150,83,157.0,95.8,36.4,3,Media,28,1
PT-0371,55,M,Centro,Publico,Diabetes,24.9,135,91,143.0,100.0,35.7,0,Baja,65,0
PT-0372,78,F,Rural,Privado,Ninguna,25.7,109,98,81.0,97.9,36.2,8,Media,98,1
PT-0373,70,F,Centro,Publico,Ninguna,25.1,144,97,64.0,89.2,37.5,0,Alta,37,0
PT-0374,69,M,Centro,Publico,Ninguna,31.6,112,68,172.0,97.3,37.0,4,Baja,64,0
PT-0375,64,M,Sur,Publico,Ninguna,18.3,156,75,,94.4,36.9,4,Baja,68,0
PT-0376,92,F,Rural,Publico,Cardiovascular,31.3,156,87,200.0,93.0,36.2,4,Media,24,1
PT-0377,52,F,Norte,Publico,Hipertension,25.1,132,106,75.0,,36.0,8,Baja,42,0
PT-0378,21,F,Rural,Privado,Ninguna,28.9,122,91,70.0,96.2,36.2,2,Baja,27,0
PT-0379,82,F,Rural,Sin seguro,Cardiovascular,21.4,131,93,123.0,91.9,36.8,1,Media,87,1
PT-0380,47,F,Centro,Publico,Diabetes+HTA,33.6,138,73,154.0,93.5,37.3,7,Media,73,1
PT-0381,57,F,Periferia,Publico,Diabetes+HTA,33.2,122,68,110.0,91.0,37.3,8,Media,61,0
PT-0382,77,F,Periferia,Publico,Cardiovascular,31.8,138,89,125.0,95.1,37.1,10,Media,56,1
PT-0383,28,F,Centro,Publico,Diabetes+HTA,19.4,137,63,55.0,96.9,36.4,1,Baja,34,0
PT-0384,34,M,Norte,Publico,Hipertension,31.1,113,73,88.0,93.3,36.8,3,Media,42,0
PT-0385,28,M,Centro,Publico,Diabetes+HTA,29.0,110,74,76.0,97.6,36.6,6,Baja,94,0
PT-0386,41,F,Centro,Publico,Diabetes+HTA,19.0,103,94,96.0,93.4,38.1,1,Media,48,0
PT-0387,62,F,Sur,Sin seguro,Ninguna,26.9,111,75,112.0,,37.9,6,Media,36,0
PT-0388,64,F,Periferia,Privado,Cardiovascular,28.8,97,52,55.0,92.2,35.8,1,Media,22,1
PT-0389,60,F,Periferia,Publico,Cardiovascular,29.8,142,84,68.0,93.6,36.7,2,Media,79,1
PT-0390,31,M,Centro,Privado,COPD,27.9,155,68,92.0,96.9,37.5,6,Baja,61,0
PT-0391,18,M,Centro,Publico,Diabetes+HTA,28.5,144,75,,99.7,36.0,6,Baja,30,0
PT-0392,56,M,Norte,Privado,Diabetes,34.4,99,77,120.0,96.7,36.4,5,Baja,45,0
PT-0393,47,M,Sur,Publico,Diabetes,33.1,139,74,117.0,92.2,37.9,8,Media,23,0
PT-0394,63,M,Norte,Publico,Hipertension,16.0,156,87,135.0,96.0,36.7,0,Baja,60,0
PT-0395,67,M,Periferia,Publico,COPD,25.4,123,62,,,35.9,6,Media,58,1
PT-0396,57,F,Periferia,Publico,Cardiovascular,26.2,130,73,187.0,94.9,37.1,1,Media,45,0
PT-0397,68,F,Centro,Publico,Cardiovascular,18.2,95,87,153.0,93.3,37.2,3,Media,60,1
PT-0398,59,F,Rural,Publico,COPD,27.5,134,72,162.0,88.2,37.1,8,Alta,35,1
PT-0399,64,F,Sur,Publico,Diabetes+HTA,,111,61,168.0,96.9,36.3,2,Baja,81,0
PT-0400,43,F,Periferia,Publico,Ninguna,21.6,129,84,112.0,88.5,36.8,1,Alta,26,0
PT-0401,52,M,Sur,Publico,Diabetes+HTA,28.7,99,90,141.0,96.7,36.3,1,Baja,117,0
PT-0402,58,M,Norte,Publico,Ninguna,22.4,139,78,98.0,93.1,36.6,1,Media,36,0
PT-0403,69,F,Sur,Publico,Hipertension,23.6,150,58,128.0,96.7,38.0,3,Media,30,0
PT-0404,48,F,Norte,Publico,Ninguna,34.4,112,85,121.0,94.9,36.9,2,Baja,44,0
PT-0405,64,F,Sur,Publico,Hipertension,24.3,110,61,105.0,99.1,36.1,1,Baja,58,0
PT-0406,50,F,Centro,Publico,Diabetes,29.3,88,81,88.0,96.7,36.9,4,Baja,31,0
PT-0407,53,M,Rural,Privado,Ninguna,17.6,123,68,,98.7,36.1,1,Media,61,1
PT-0408,69,M,Periferia,Publico,Hipertension,36.3,121,67,72.0,94.3,36.1,1,Baja,36,0
PT-0409,21,M,Norte,Publico,COPD,30.0,92,70,137.0,91.1,36.2,7,Media,49,0
PT-0410,33,F,Centro,Publico,Ninguna,26.1,131,74,110.0,93.8,38.0,0,Media,22,0
PT-0411,30,F,Rural,Publico,COPD,29.9,114,68,127.0,95.1,37.3,5,Baja,65,0
PT-0412,18,F,Norte,Publico,Ninguna,20.0,99,81,132.0,,37.1,2,Baja,73,0
PT-0413,43,M,Sur,Publico,Ninguna,32.9,115,72,91.0,94.4,37.1,7,Baja,103,0
PT-0414,68,M,Rural,Privado,Ninguna,25.4,151,90,66.0,93.3,36.2,4,Media,37,1
PT-0415,50,F,Centro,Publico,Hipertension,26.0,138,81,139.0,92.9,36.5,7,Media,43,0
PT-0416,58,M,Periferia,Publico,COPD,24.5,126,71,92.0,90.9,36.9,3,Media,41,0
PT-0417,74,F,Sur,Publico,Hipertension,24.1,144,70,96.0,93.7,36.5,5,Media,30,0
PT-0418,78,M,Sur,Publico,Cardiovascular,30.5,113,62,154.0,97.4,36.6,6,Baja,49,0
PT-0419,54,F,Norte,Privado,Hipertension,28.3,128,81,187.0,92.5,37.0,5,Media,61,1
PT-0420,78,F,Norte,Privado,Cardiovascular,30.3,136,76,154.0,93.0,36.6,3,Media,37,1
PT-0421,57,M,Norte,Publico,Diabetes+HTA,27.0,120,52,72.0,99.9,36.9,2,Baja,102,0
PT-0422,41,F,Periferia,Privado,Diabetes,29.6,132,71,124.0,89.6,37.7,6,Alta,39,1
PT-0423,45,F,Periferia,Publico,Ninguna,24.9,111,67,93.0,96.7,36.7,5,Baja,52,0
PT-0424,30,F,Periferia,Publico,Ninguna,38.1,131,93,210.0,97.4,37.4,6,Media,47,1
PT-0425,40,F,Norte,Privado,Hipertension,19.2,134,58,108.0,97.5,37.1,0,Baja,48,0
PT-0426,49,M,Sur,Privado,Hipertension,33.3,85,62,,92.7,36.0,8,Media,60,1
PT-0427,69,M,Rural,Publico,Ninguna,33.8,153,92,,95.5,36.2,7,Media,27,1
PT-0428,84,M,Rural,Sin seguro,Diabetes+HTA,22.7,85,96,166.0,92.4,36.3,6,Media,32,1
PT-0429,32,F,Norte,Publico,Diabetes+HTA,38.1,111,68,155.0,100.0,37.7,3,Baja,51,0
PT-0430,62,F,Periferia,Publico,Ninguna,,148,72,163.0,92.5,36.8,3,Media,66,0
PT-0431,37,F,Norte,Publico,Ninguna,31.9,118,83,77.0,93.7,37.1,7,Media,68,0
PT-0432,63,F,Norte,Publico,Ninguna,27.1,104,53,135.0,93.7,37.5,1,Media,71,0
PT-0433,53,F,Periferia,Publico,Diabetes,,108,57,86.0,92.7,37.0,2,Media,64,0
PT-0434,24,M,Sur,Publico,Cardiovascular,26.0,139,72,160.0,99.0,36.6,3,Media,45,1
PT-0435,71,M,Centro,Publico,Hipertension,29.0,97,97,70.0,100.0,35.7,3,Baja,76,0
PT-0436,45,M,Sur,Privado,Ninguna,34.0,146,72,89.0,95.0,36.8,3,Media,25,1
PT-0437,46,F,Periferia,Publico,Diabetes,,125,78,133.0,93.1,36.8,6,Media,21,0
PT-0438,37,F,Norte,Privado,Ninguna,22.4,102,89,135.0,91.1,36.9,2,Media,54,1
PT-0439,44,F,Rural,Privado,Diabetes,31.1,115,100,132.0,95.5,38.0,0,Media,38,0
PT-0440,62,F,Centro,Privado,Diabetes,31.6,111,72,116.0,95.3,37.5,0,Baja,61,0
PT-0441,52,F,Norte,Privado,Hipertension,30.3,143,78,112.0,94.6,37.2,7,Baja,64,0
PT-0442,61,F,Centro,Privado,Hipertension,30.7,143,99,99.0,96.5,37.7,5,Media,50,1
PT-0443,61,F,Sur,Publico,Cardiovascular,25.6,99,62,86.0,96.9,36.5,7,Baja,79,0
PT-0444,77,M,Centro,Privado,Ninguna,22.4,126,92,134.0,96.7,36.7,1,Baja,77,0
PT-0445,49,F,Centro,Sin seguro,COPD,22.7,111,66,143.0,95.3,36.4,0,Baja,66,0
PT-0446,30,M,Sur,Publico,Ninguna,18.8,145,77,140.0,93.6,37.1,1,Media,38,0
PT-0447,73,F,Sur,Publico,Ninguna,28.2,108,77,85.0,97.5,37.0,1,Baja,64,0
PT-0448,49,F,Rural,Sin seguro,Cardiovascular,26.6,155,67,55.0,96.0,36.2,9,Baja,61,0
PT-0449,74,F,Periferia,Publico,COPD,,132,69,,98.0,37.5,3,Baja,66,0
PT-0450,62,F,Centro,Publico,Ninguna,16.0,109,82,151.0,97.7,36.9,0,Baja,109,0
PT-0451,53,F,Centro,Publico,Diabetes,20.8,115,89,96.0,92.9,35.8,8,Media,49,0
PT-0452,61,F,Sur,Publico,COPD,32.6,115,77,130.0,92.8,36.8,0,Media,54,0
PT-0453,88,M,Sur,Publico,Diabetes+HTA,23.7,113,82,157.0,94.3,37.0,2,Media,33,1
PT-0454,90,F,Norte,Publico,Hipertension,,138,88,191.0,93.7,38.7,4,Media,64,1
PT-0455,56,M,Centro,Sin seguro,Ninguna,20.0,106,67,154.0,97.7,36.6,1,Baja,76,0
PT-0456,58,F,Norte,Publico,Diabetes,34.2,90,86,144.0,96.8,37.3,1,Baja,76,0
PT-0457,73,F,Centro,Publico,Ninguna,26.3,126,89,104.0,98.4,36.9,1,Baja,66,0
PT-0458,41,F,Periferia,Privado,Ninguna,28.5,92,105,,96.9,36.1,4,Baja,89,0
PT-0459,61,F,Sur,Privado,Hipertension,38.6,116,74,156.0,96.5,36.0,2,Baja,85,0
PT-0460,55,M,Centro,Publico,COPD,34.6,112,73,121.0,98.6,38.8,3,Media,51,1
PT-0461,60,M,Sur,Publico,Ninguna,25.5,114,87,175.0,97.0,37.5,2,Baja,60,0
PT-0462,41,M,Rural,Publico,Cardiovascular,24.0,161,86,143.0,96.1,37.0,2,Media,72,0
PT-0463,28,F,Sur,Privado,COPD,25.4,122,69,118.0,99.3,37.6,7,Baja,46,0
PT-0464,20,F,Sur,Publico,COPD,29.5,124,70,131.0,96.3,37.4,2,Media,33,1
PT-0465,36,M,Rural,Publico,Ninguna,26.5,91,82,,95.3,37.2,2,Baja,71,0
PT-0466,47,F,Norte,Privado,Diabetes,25.0,114,68,55.0,94.2,36.3,0,Baja,31,0
PT-0467,50,F,Sur,Publico,Ninguna,34.3,131,73,,97.5,37.8,1,Baja,77,0
PT-0468,88,F,Sur,Publico,Ninguna,26.4,118,82,77.0,98.7,37.1,4,Baja,45,0
PT-0469,74,M,Rural,Privado,Ninguna,38.5,149,91,124.0,95.9,36.6,2,Baja,64,0
PT-0470,39,M,Periferia,Privado,Ninguna,27.5,102,70,156.0,98.9,36.4,3,Baja,66,0
PT-0471,61,M,Rural,Publico,Ninguna,35.9,124,58,114.0,91.7,36.9,2,Media,57,0
PT-0472,48,M,Sur,Publico,Ninguna,28.8,116,56,167.0,90.9,35.9,10,Media,40,1
PT-0473,50,F,Norte,Publico,Diabetes+HTA,31.8,130,64,70.0,95.9,37.2,3,Baja,61,0
PT-0474,58,M,Sur,Publico,Cardiovascular,23.4,117,64,107.0,94.4,37.7,1,Baja,61,0
PT-0475,66,F,Periferia,Publico,Diabetes,22.7,126,77,117.0,100.0,37.0,5,Baja,62,0
PT-0476,49,M,Periferia,Privado,Diabetes+HTA,29.3,122,64,86.0,90.9,36.5,2,Media,40,0
PT-0477,73,F,Periferia,Publico,Ninguna,31.9,119,72,154.0,95.1,36.7,0,Baja,89,0
PT-0478,36,M,Norte,Publico,Diabetes,27.2,132,68,60.0,96.1,37.8,1,Baja,24,0
PT-0479,55,F,Rural,Publico,Cardiovascular,20.6,132,73,,91.6,36.7,1,Media,52,0
PT-0480,92,F,Periferia,Privado,Diabetes,20.2,136,96,88.0,94.3,37.8,1,Baja,62,0
PT-0481,59,F,Rural,Publico,Ninguna,19.9,121,86,169.0,98.2,37.6,3,Baja,80,0
PT-0482,79,F,Rural,Publico,Diabetes,18.2,148,81,152.0,94.6,37.0,6,Media,30,1
PT-0483,57,F,Sur,Publico,Hipertension,27.5,124,73,139.0,94.2,36.8,6,Baja,53,0
PT-0484,65,M,Sur,Publico,Hipertension,32.6,125,74,151.0,98.9,37.3,1,Baja,60,0
PT-0485,54,F,Centro,Sin seguro,Diabetes,26.9,130,82,107.0,98.9,37.4,9,Media,65,1
PT-0486,52,M,Norte,Privado,Diabetes,16.0,158,84,90.0,97.1,36.3,3,Baja,68,0
PT-0487,42,F,Periferia,Publico,Ninguna,26.0,101,67,112.0,95.0,36.8,1,Baja,49,0
PT-0488,62,M,Periferia,Publico,Hipertension,26.2,144,79,118.0,95.5,35.8,2,Baja,61,0
PT-0489,41,F,Periferia,Privado,Ninguna,37.5,90,54,129.0,94.2,37.4,1,Baja,86,0
PT-0490,66,M,Centro,Publico,Cardiovascular,19.7,135,81,104.0,88.8,39.3,2,Alta,4,1
PT-0491,73,M,Norte,Sin seguro,COPD,25.0,161,88,135.0,,36.8,2,Media,45,0
PT-0492,61,F,Centro,Publico,Diabetes,35.5,138,76,222.0,94.6,35.6,11,Media,46,1
PT-0493,50,M,Periferia,Publico,COPD,29.2,130,97,105.0,93.7,37.1,8,Media,47,0
PT-0494,63,F,Rural,Publico,Ninguna,29.8,120,69,154.0,92.6,36.3,3,Media,105,0
PT-0495,50,F,Periferia,Publico,Diabetes,27.6,127,80,102.0,96.5,36.4,4,Media,47,1
PT-0496,71,M,Centro,Publico,Diabetes,28.6,127,79,116.0,96.5,37.1,2,Baja,70,0
PT-0497,24,M,Sur,Privado,Diabetes,30.9,106,74,113.0,99.7,36.9,0,Baja,48,0
PT-0498,49,F,Rural,Publico,COPD,23.0,121,76,95.0,94.5,36.5,4,Baja,81,0
PT-0499,21,F,Centro,Publico,Diabetes+HTA,31.4,123,76,159.0,96.7,37.8,3,Media,62,1
PT-0500,30,M,Periferia,Privado,Diabetes,20.1,108,85,156.0,96.7,36.9,4,Baja,59,0
