patient_id,age,bmi,glucose_mg_dl,systolic_bp,smoking_status,family_history_diabetes,physical_activity,previous_admissions,diabetes_risk
P0001,58,22.8,134.3,135,No,Yes,Moderate,1,Yes
P0002,69,30.3,98.5,135,No,Yes,Moderate,1,Yes
P0003,61,29.8,131.3,132,Former,Yes,Low,0,Yes
P0004,42,31.3,136.1,,Current,Yes,Moderate,0,Yes
P0005,58,31.2,79.2,120,No,No,Low,0,Yes
P0006,56,30.9,139.0,136,No,No,Low,0,Yes
P0007,55,31.5,107.3,126,Former,No,High,0,Yes
P0008,47,28.1,127.6,125,No,No,Low,1,Yes
P0009,41,26.1,147.2,109,Former,No,Low,0,Yes
P0010,57,25.0,74.2,122,Former,No,Moderate,0,Yes
P0011,73,32.2,,154,Former,No,High,1,Yes
P0012,58,32.2,176.7,169,Current,No,Moderate,0,Yes
P0013,68,28.8,116.6,112,No,Yes,Low,2,Yes
P0014,43,38.6,98.4,134,No,Yes,Low,0,Yes
P0015,36,21.6,110.5,134,Current,Yes,Moderate,0,Yes
P0016,75,28.9,88.9,111,No,Yes,Low,0,Yes
P0017,63,26.0,117.2,122,No,No,Low,1,Yes
P0018,49,32.6,81.2,122,No,Yes,Moderate,0,Yes
P0019,44,26.9,119.1,119,No,No,Moderate,1,No
P0020,58,34.0,101.8,116,No,No,Moderate,1,Yes
P0021,29,20.7,162.5,87,Former,Yes,Low,0,Yes
P0022,50,31.9,130.3,116,No,No,Low,0,Yes
P0023,56,29.8,119.7,123,Current,No,Low,0,Yes
P0024,38,34.0,123.6,124,No,Yes,High,3,Yes
P0025,74,16.0,106.0,127,No,No,Moderate,1,Yes
P0026,39,26.3,146.7,122,No,No,Moderate,1,Yes
P0027,67,22.1,137.3,121,Former,No,Moderate,0,Yes
P0028,75,31.2,105.5,117,No,No,Low,1,Yes
P0029,55,30.1,163.4,92,Current,No,Low,0,Yes
P0030,68,29.2,127.9,132,No,No,Low,0,Yes
P0031,43,23.9,115.3,127,No,Yes,Moderate,1,Yes
P0032,47,28.5,151.2,94,No,No,Moderate,0,Yes
P0033,54,25.6,,131,Current,Yes,Moderate,0,Yes
P0034,56,32.1,109.1,132,No,No,Low,0,Yes
P0035,64,26.6,123.6,141,Current,No,Low,0,Yes
P0036,45,20.6,82.7,108,Former,Yes,Moderate,0,Yes
P0037,66,25.0,102.5,109,No,Yes,Moderate,1,Yes
P0038,49,33.6,129.9,120,No,No,Low,0,Yes
P0039,53,29.6,93.8,98,Former,No,Low,0,Yes
P0040,48,26.6,118.5,127,Former,No,Moderate,1,Yes
P0041,53,27.1,93.4,127,Current,No,Low,0,Yes
P0042,49,32.7,67.2,116,Former,Yes,Moderate,0,Yes
P0043,87,30.2,112.2,144,Former,No,Moderate,0,Yes
P0044,66,36.1,99.1,117,Current,No,Moderate,0,Yes
P0045,48,23.3,98.1,123,No,No,Moderate,0,Yes
P0046,57,27.1,109.3,120,No,No,Moderate,0,Yes
P0047,52,26.5,93.3,104,No,No,Moderate,0,Yes
P0048,66,31.7,118.3,119,No,No,Moderate,0,Yes
P0049,72,34.2,119.5,138,Former,Yes,Moderate,1,Yes
P0050,76,21.9,124.9,155,Former,No,Low,0,Yes
P0051,29,30.6,94.6,130,No,Yes,High,1,Yes
P0052,34,30.2,89.4,94,Former,No,Low,1,Yes
P0053,46,25.9,150.3,101,Current,No,High,0,Yes
P0054,38,30.9,128.4,93,Former,Yes,Low,0,Yes
P0055,29,28.8,98.4,138,No,No,Low,0,Yes
P0056,49,19.5,107.4,101,No,Yes,Low,0,Yes
P0057,57,24.4,77.3,133,No,Yes,Low,0,Yes
P0058,71,25.4,107.0,120,No,No,Moderate,2,Yes
P0059,21,23.2,76.8,101,No,No,Low,0,Yes
P0060,50,31.2,117.2,132,Current,No,Moderate,0,Yes
P0061,52,33.6,65.0,101,Former,No,Low,1,Yes
P0062,51,29.4,120.8,,No,No,Moderate,0,Yes
P0063,67,37.0,141.8,126,Current,No,High,1,Yes
P0064,62,30.2,155.4,136,No,No,Low,0,Yes
P0065,78,,136.0,,No,No,Moderate,0,Yes
P0066,79,32.5,127.6,139,Current,No,Moderate,0,Yes
P0067,28,27.4,135.8,125,Current,No,Moderate,0,Yes
P0068,52,21.8,101.7,121,No,Yes,Moderate,0,Yes
P0069,57,22.3,99.1,141,Current,Yes,Low,0,Yes
P0070,70,,122.5,146,No,Yes,High,1,Yes
P0071,54,36.8,120.6,128,No,No,Moderate,0,Yes
P0072,54,29.4,117.7,127,Former,No,High,0,Yes
P0073,65,21.3,102.7,114,No,No,Moderate,2,Yes
P0074,53,29.1,143.3,105,Current,No,Low,0,Yes
P0075,46,26.0,113.3,112,Current,No,Moderate,0,Yes
P0076,76,24.9,178.0,126,No,No,High,0,Yes
P0077,70,35.2,141.6,153,No,No,High,2,Yes
P0078,55,28.0,,139,Current,No,Moderate,0,Yes
P0079,66,30.5,155.4,132,No,No,High,2,Yes
P0080,73,25.6,182.8,129,Former,No,High,1,Yes
P0081,66,28.2,112.0,125,No,Yes,Low,1,Yes
P0082,32,29.1,131.1,118,No,No,High,2,Yes
P0083,72,27.5,131.1,141,No,Yes,Moderate,1,Yes
P0084,63,26.1,138.6,130,No,No,Moderate,1,Yes
P0085,62,29.7,128.8,132,No,Yes,High,1,Yes
P0086,46,30.4,100.9,119,Former,No,High,1,Yes
P0087,41,25.3,125.3,100,Current,Yes,Moderate,1,Yes
P0088,55,30.2,114.0,145,Former,Yes,Low,0,Yes
P0089,51,22.4,104.4,93,No,No,Moderate,1,No
P0090,54,28.6,105.2,101,Current,No,Moderate,0,Yes
P0091,71,35.9,141.5,148,No,No,Moderate,0,Yes
P0092,42,34.5,141.3,141,Former,No,High,0,Yes
P0093,40,30.3,113.9,105,Former,No,Moderate,1,Yes
P0094,44,34.9,114.1,140,No,Yes,Moderate,1,Yes
P0095,63,30.4,110.1,142,Former,No,High,0,Yes
P0096,74,,72.9,106,Former,No,Moderate,1,No
P0097,37,18.5,100.2,94,Former,Yes,Moderate,0,Yes
P0098,42,31.2,114.9,97,Current,No,Low,1,Yes
P0099,81,21.9,93.5,153,No,No,Moderate,0,Yes
P0100,41,39.4,129.8,134,No,Yes,High,0,Yes
P0101,72,27.8,157.6,135,Current,No,Moderate,0,Yes
P0102,38,22.1,109.1,116,Former,No,Low,0,Yes
P0103,46,33.2,119.9,114,Current,No,Low,0,Yes
P0104,45,31.9,115.5,145,No,Yes,Moderate,0,Yes
P0105,63,31.3,,150,Current,No,High,0,Yes
P0106,50,34.0,65.0,92,No,No,Moderate,0,No
P0107,47,26.0,65.0,121,Current,Yes,High,0,Yes
P0108,62,31.8,114.6,90,Former,No,Moderate,0,Yes
P0109,61,37.2,120.0,135,No,Yes,Low,1,Yes
P0110,31,27.4,129.6,85,No,Yes,Moderate,2,Yes
P0111,59,30.2,104.7,109,Current,No,Moderate,0,Yes
P0112,58,37.6,138.1,122,Current,No,Moderate,0,Yes
P0113,59,22.4,150.4,139,Former,Yes,High,2,Yes
P0114,74,34.1,65.0,129,No,No,Moderate,0,Yes
P0115,74,25.3,133.0,101,Current,No,Moderate,2,Yes
P0116,63,29.3,138.2,126,No,Yes,Moderate,2,Yes
P0117,54,26.9,109.5,127,No,Yes,Moderate,0,Yes
P0118,40,23.7,65.0,116,No,No,High,0,Yes
P0119,74,27.3,129.8,165,No,Yes,Moderate,0,Yes
P0120,52,39.5,127.3,153,Former,Yes,High,0,Yes
P0121,34,20.9,65.0,110,No,No,Moderate,1,Yes
P0122,60,30.8,123.4,130,Former,No,Moderate,0,Yes
P0123,45,22.6,99.3,98,Former,Yes,High,0,Yes
P0124,51,30.5,65.0,121,No,No,Low,0,Yes
P0125,43,34.6,,91,Current,No,High,2,Yes
P0126,61,29.5,147.0,108,No,No,Moderate,4,Yes
P0127,29,24.0,120.9,114,No,No,High,0,No
P0128,65,27.3,108.0,128,Former,Yes,Low,0,Yes
P0129,54,26.9,,121,Current,No,Low,0,No
P0130,61,24.5,112.2,98,No,No,Low,0,Yes
P0131,59,30.3,128.5,128,No,Yes,Moderate,0,Yes
P0132,61,29.0,113.0,119,No,No,Low,0,Yes
P0133,58,24.2,130.5,122,Former,No,High,2,Yes
P0134,56,27.9,124.6,138,Former,No,High,0,Yes
P0135,63,20.5,114.4,120,Former,No,Moderate,1,Yes
P0136,59,19.2,131.7,121,Current,No,Moderate,0,No
P0137,57,24.5,111.8,97,Current,No,Moderate,0,Yes
P0138,32,22.9,90.5,127,No,No,High,0,Yes
P0139,51,21.1,94.9,98,No,Yes,Low,0,Yes
P0140,21,29.2,160.5,100,Former,No,High,1,Yes
P0141,45,25.4,128.4,96,No,No,Low,1,Yes
P0142,54,27.5,114.9,118,Former,No,Low,0,Yes
P0143,74,30.5,87.5,142,Current,No,Moderate,0,Yes
P0144,46,33.5,135.8,146,Former,No,Low,1,Yes
P0145,36,32.2,88.5,157,No,Yes,Moderate,1,Yes
P0146,56,22.4,153.3,132,No,No,High,0,Yes
P0147,68,19.7,113.5,128,Former,Yes,Low,1,Yes
P0148,49,26.0,115.7,89,Current,No,Moderate,2,Yes
P0149,63,32.7,136.2,124,Current,Yes,Low,0,Yes
P0150,41,26.9,132.3,116,No,No,Moderate,0,Yes
P0151,45,28.1,138.2,95,No,No,Moderate,0,Yes
P0152,49,31.4,130.7,110,No,Yes,Low,1,Yes
P0153,56,27.0,135.0,116,No,No,Moderate,1,Yes
P0154,73,19.9,135.7,147,Former,No,Moderate,1,Yes
P0155,43,22.3,65.0,110,No,No,Moderate,0,No
P0156,52,31.1,85.6,122,Former,Yes,High,1,Yes
P0157,45,33.1,108.7,98,No,Yes,High,0,Yes
P0158,66,31.7,74.6,122,Current,Yes,Low,1,Yes
P0159,55,21.9,65.0,113,No,Yes,Low,0,Yes
P0160,44,29.1,85.4,131,Current,Yes,Low,1,Yes
P0161,57,,104.7,134,No,No,Low,1,Yes
P0162,60,28.9,103.0,125,No,No,Low,0,Yes
P0163,61,29.2,146.3,126,No,Yes,Moderate,2,Yes
P0164,69,27.5,89.2,146,No,No,High,1,Yes
P0165,44,30.9,128.9,118,Current,No,Moderate,1,Yes
P0166,72,25.5,138.1,122,No,No,Moderate,0,Yes
P0167,80,24.2,82.3,116,No,No,High,0,Yes
P0168,59,30.9,106.2,98,Former,Yes,High,0,Yes
P0169,67,27.8,134.8,124,No,No,Low,0,Yes
P0170,54,17.2,81.9,122,No,No,Moderate,2,Yes
P0171,62,28.7,142.1,127,Former,No,High,0,No
P0172,64,26.6,103.7,146,Current,No,Low,0,Yes
P0173,50,28.3,118.3,123,No,No,Moderate,0,Yes
P0174,46,30.1,145.4,120,Current,Yes,High,1,Yes
P0175,52,26.3,190.0,125,Former,No,Moderate,1,Yes
P0176,38,29.1,129.1,120,Former,Yes,Moderate,0,Yes
P0177,62,31.0,155.9,169,Current,Yes,Low,0,Yes
P0178,54,30.4,132.3,132,Former,No,Moderate,0,Yes
P0179,47,38.1,137.6,134,No,No,Low,0,Yes
P0180,42,25.3,105.5,116,Former,Yes,Moderate,2,Yes
P0181,78,23.7,120.3,130,No,Yes,High,1,Yes
P0182,56,30.9,180.3,128,No,No,Low,1,Yes
P0183,49,34.1,97.0,101,No,No,Low,1,Yes
P0184,63,16.1,138.3,102,No,No,Moderate,2,Yes
P0185,62,26.9,66.0,118,No,No,Moderate,0,Yes
P0186,46,18.1,140.5,113,Former,No,Moderate,1,Yes
P0187,69,34.0,113.6,149,No,Yes,High,0,Yes
P0188,47,29.8,101.7,148,No,Yes,Low,1,Yes
P0189,49,30.0,178.9,116,No,No,Low,0,Yes
P0190,56,33.0,95.5,101,No,No,Low,2,Yes
P0191,25,27.1,129.5,93,No,No,Low,0,Yes
P0192,37,17.1,106.6,113,No,Yes,Moderate,1,Yes
P0193,48,23.6,133.0,100,No,Yes,Low,2,Yes
P0194,65,20.3,98.9,133,Current,No,Moderate,0,Yes
P0195,58,23.6,81.4,114,No,No,Moderate,1,Yes
P0196,41,19.8,113.9,106,Current,Yes,Low,0,Yes
P0197,43,24.8,127.6,85,Former,No,Moderate,0,Yes
P0198,53,37.1,80.6,141,Former,No,Moderate,1,Yes
P0199,52,28.4,131.9,106,No,Yes,Moderate,0,Yes
P0200,48,30.7,93.4,114,Former,No,Moderate,0,Yes
P0201,37,24.5,86.6,105,No,No,Moderate,1,No
P0202,25,29.1,129.7,105,Current,No,Moderate,0,Yes
P0203,73,28.0,144.7,119,No,No,Moderate,1,Yes
P0204,57,33.0,134.7,143,Former,Yes,Moderate,0,Yes
P0205,65,,103.6,127,Former,No,Moderate,1,Yes
P0206,80,31.4,124.8,129,No,No,Moderate,0,Yes
P0207,41,23.7,,123,Current,Yes,Moderate,1,Yes
P0208,29,30.5,65.0,110,Former,No,Moderate,0,Yes
P0209,59,28.2,155.0,149,Current,No,Moderate,0,Yes
P0210,74,28.9,120.9,136,No,No,Low,1,Yes
P0211,67,28.4,159.9,132,Former,Yes,High,1,Yes
P0212,27,33.2,97.0,133,No,No,Low,0,Yes
P0213,30,32.1,95.4,107,No,No,Moderate,0,No
P0214,75,29.1,107.9,129,Former,No,Moderate,0,Yes
P0215,69,34.0,116.3,128,Current,Yes,Moderate,0,Yes
P0216,76,,128.9,166,No,No,Low,1,Yes
P0217,51,,88.8,111,No,Yes,Moderate,0,Yes
P0218,63,35.2,111.7,136,No,No,Moderate,0,Yes
P0219,67,24.5,75.7,128,No,No,Low,2,Yes
P0220,60,28.7,129.6,111,No,No,Low,1,Yes
P0221,52,27.7,135.1,119,No,No,Moderate,0,Yes
P0222,72,19.3,119.7,116,No,Yes,Moderate,1,Yes
P0223,53,26.0,87.9,116,Current,No,Low,0,Yes
P0224,68,25.7,113.9,138,No,No,Moderate,0,Yes
P0225,64,32.4,103.3,104,Former,No,Low,1,Yes
P0226,62,26.8,113.1,118,No,No,Moderate,0,Yes
P0227,68,29.9,124.6,129,No,No,High,0,Yes
P0228,63,30.8,113.9,135,No,No,Low,0,Yes
P0229,27,29.4,70.7,100,No,No,Moderate,0,Yes
P0230,65,20.3,121.7,133,No,No,Low,1,Yes
P0231,67,23.0,129.9,123,Current,No,High,0,Yes
P0232,44,22.8,,105,Former,No,Low,0,No
P0233,53,28.6,106.9,108,Former,Yes,Moderate,0,Yes
P0234,54,30.9,66.9,113,No,No,Low,1,Yes
P0235,66,31.8,,129,No,Yes,Low,2,Yes
P0236,44,24.7,76.7,130,No,No,Low,0,Yes
P0237,54,33.7,121.3,106,Former,Yes,Moderate,1,Yes
P0238,39,32.6,95.2,120,Former,Yes,High,0,Yes
P0239,43,32.3,149.3,134,Former,No,Moderate,0,Yes
P0240,54,26.5,111.3,124,Former,No,Moderate,1,Yes
P0241,24,22.9,118.0,107,No,Yes,Moderate,0,Yes
P0242,73,24.6,176.1,128,No,No,Moderate,2,Yes
P0243,45,39.5,120.2,146,Former,Yes,Moderate,0,Yes
P0244,73,,170.0,131,No,No,Moderate,0,Yes
P0245,63,37.8,83.4,126,No,No,Moderate,0,Yes
P0246,55,32.9,104.6,115,No,Yes,High,3,Yes
P0247,46,31.7,78.7,107,Former,No,Moderate,0,Yes
P0248,52,23.8,110.2,137,Former,No,Moderate,0,Yes
P0249,73,33.0,99.7,119,No,Yes,High,1,Yes
P0250,88,28.9,119.0,137,No,No,High,0,Yes
P0251,71,23.7,117.6,101,No,No,Low,0,Yes
P0252,37,23.5,111.8,126,Former,Yes,Low,0,Yes
P0253,82,31.0,98.6,128,Current,No,Low,2,Yes
P0254,76,31.9,134.0,144,No,No,Moderate,2,Yes
P0255,53,30.1,97.2,127,Current,No,Low,0,Yes
P0256,61,37.9,120.9,175,No,No,Low,0,Yes
P0257,57,23.5,125.2,118,No,No,Low,0,Yes
P0258,61,31.4,103.0,131,No,Yes,Low,0,Yes
P0259,64,19.2,136.3,124,No,No,High,0,Yes
P0260,40,24.4,99.1,93,No,No,Moderate,1,No
P0261,48,25.1,144.7,113,No,No,Moderate,0,Yes
P0262,53,31.5,90.0,138,No,Yes,Moderate,0,Yes
P0263,28,29.3,,97,No,Yes,Moderate,0,Yes
P0264,66,,133.2,142,No,No,Moderate,0,Yes
P0265,58,,76.2,134,No,Yes,Moderate,0,No
P0266,77,23.6,110.1,131,No,No,Low,1,Yes
P0267,69,26.4,114.5,122,No,No,Low,1,Yes
P0268,72,24.3,146.9,107,No,No,Moderate,1,Yes
P0269,60,27.7,105.4,126,Current,No,High,0,Yes
P0270,39,25.8,95.8,123,No,No,Moderate,1,Yes
P0271,49,28.8,137.1,133,No,Yes,High,1,Yes
P0272,54,26.6,108.2,128,No,No,Moderate,0,Yes
P0273,57,28.9,132.9,109,Current,Yes,High,0,Yes
P0274,46,22.9,114.4,114,Former,No,Low,0,Yes
P0275,55,26.7,72.4,,No,No,Low,4,Yes
P0276,59,27.9,103.6,100,No,No,High,0,Yes
P0277,50,18.7,93.7,121,No,No,Moderate,1,Yes
P0278,60,27.8,65.0,,No,Yes,Moderate,1,Yes
P0279,52,33.3,92.4,165,Former,Yes,Low,4,Yes
P0280,55,26.6,169.3,151,No,No,Moderate,0,Yes
P0281,53,20.1,129.3,146,Former,No,Moderate,0,Yes
P0282,34,21.4,66.2,116,Current,No,High,1,Yes
P0283,35,31.1,65.0,111,Former,No,High,0,No
P0284,64,29.3,122.7,123,No,No,Low,0,Yes
P0285,50,31.0,110.6,141,Current,Yes,Moderate,0,Yes
P0286,61,21.0,95.2,137,Current,Yes,High,0,Yes
P0287,43,28.2,104.3,93,No,No,Moderate,0,Yes
P0288,72,29.8,136.2,110,Former,No,Moderate,2,Yes
P0289,76,33.2,105.7,142,Former,No,High,0,Yes
P0290,62,23.9,135.4,125,No,No,Low,1,Yes
P0291,64,29.8,118.6,118,No,Yes,High,1,Yes
P0292,58,38.2,96.9,131,No,Yes,High,0,Yes
P0293,48,25.1,65.0,138,No,No,High,1,Yes
P0294,53,31.2,97.0,114,No,No,High,0,Yes
P0295,50,29.6,98.7,107,Current,Yes,High,2,Yes
P0296,52,27.1,78.7,116,Former,Yes,High,0,Yes
P0297,33,35.1,104.6,136,No,Yes,Moderate,0,Yes
P0298,80,23.5,120.5,131,No,No,Low,1,Yes
P0299,60,30.6,136.0,96,No,No,Low,0,Yes
P0300,55,25.8,85.3,125,Former,Yes,Moderate,1,Yes
P0301,42,24.5,,98,Current,No,Low,1,Yes
P0302,52,26.6,,130,No,No,Low,0,Yes
P0303,54,31.5,145.2,137,No,No,Low,0,Yes
P0304,90,26.1,127.5,130,No,Yes,Moderate,0,Yes
P0305,90,26.2,78.9,150,No,Yes,Low,1,Yes
P0306,51,21.6,121.3,90,No,No,Low,0,Yes
P0307,66,31.8,110.5,108,No,Yes,Low,1,Yes
P0308,28,23.3,142.5,135,Current,No,Low,1,Yes
P0309,33,27.1,65.0,96,Current,No,Low,1,Yes
P0310,56,27.5,127.7,126,Former,Yes,Moderate,0,Yes
P0311,75,26.5,148.1,148,No,No,Low,1,Yes
P0312,84,27.1,,156,No,Yes,Low,2,Yes
P0313,21,27.5,182.6,119,No,No,Low,1,Yes
P0314,48,30.0,82.0,130,Former,No,Moderate,2,Yes
P0315,47,21.9,73.4,121,No,No,High,0,Yes
P0316,43,28.3,85.7,110,No,No,Moderate,0,Yes
P0317,34,37.0,99.6,122,No,No,Low,0,Yes
P0318,39,20.5,143.6,147,No,No,Moderate,0,Yes
P0319,58,26.4,85.3,132,No,No,Low,1,Yes
P0320,69,30.0,128.1,147,Current,No,Moderate,1,Yes
P0321,53,34.5,65.9,123,No,Yes,Moderate,0,Yes
P0322,43,32.9,99.2,106,Former,Yes,Low,1,Yes
P0323,39,20.2,111.6,114,Former,Yes,Low,0,Yes
P0324,50,26.2,75.3,107,No,No,Low,1,Yes
P0325,62,24.6,144.2,120,Current,No,Low,0,Yes
P0326,49,30.3,93.1,138,Current,No,Moderate,2,Yes
P0327,56,29.8,80.3,100,No,No,High,2,No
P0328,43,28.8,175.1,116,No,No,Moderate,0,Yes
P0329,51,25.2,108.1,119,No,No,Low,1,Yes
P0330,63,30.9,118.5,130,No,No,Low,0,Yes
P0331,22,26.9,101.3,104,No,Yes,Moderate,1,Yes
P0332,55,26.1,143.7,121,Former,No,High,1,Yes
P0333,29,30.8,133.8,118,No,No,High,0,Yes
P0334,71,35.3,128.0,141,No,No,Low,1,Yes
P0335,44,31.7,88.2,124,No,No,Low,0,Yes
P0336,58,27.6,87.6,114,Former,Yes,Low,0,Yes
P0337,48,35.1,68.5,124,Former,No,High,0,Yes
P0338,46,29.8,152.7,134,No,No,High,0,Yes
P0339,39,27.5,125.4,130,Former,Yes,High,0,Yes
P0340,58,17.5,87.0,136,No,No,Moderate,0,No
P0341,83,33.0,151.9,145,No,No,High,0,Yes
P0342,26,30.7,169.3,131,No,No,Moderate,0,Yes
P0343,52,27.4,153.8,138,Former,Yes,Moderate,1,Yes
P0344,59,,106.8,142,No,Yes,Low,0,Yes
P0345,52,31.2,119.0,109,Former,Yes,Moderate,1,Yes
P0346,47,30.4,65.0,107,No,No,Moderate,0,Yes
P0347,41,32.3,96.9,110,No,No,Low,0,Yes
P0348,59,26.1,137.6,119,No,No,Moderate,2,Yes
P0349,52,30.1,104.9,,No,No,Moderate,0,Yes
P0350,47,33.5,98.3,112,No,Yes,Low,0,Yes
